{
  "anchor_A": 0.7515,
  "anchor_B": 0.7467,
  "A": {
    "anchor": 0.7512164809844558,
    "ext_w1.0": 0.7496205349120032,
    "ext_w0.3": 0.7511255329615982
  },
  "B": {
    "anchor": 0.7462981786602182,
    "ext_w1.0": 0.7434521406990015,
    "ext_w0.3": 0.7459869437637551
  },
  "best": {
    "cond": "ext_w0.3",
    "margin": -0.0007130562362449577,
    "pass": false
  }
}